filters,"processName.keyword: Descending",Count
"TRA開始回数","P00228_01_SPSSetting_ProdEnv_P00228_UR_W10ENO10EN","24,981"
"TRA開始回数","P00140_StockListMaker_W10JPO16JP_ProdEnv_P00140_UR_W10JPO16JP","22,853"
"TRA開始回数","P00269_01_GeneralQueryToolDownload_W10JPO16JP_ProdEnv_P00269_AR_W10JPO16JP","16,773"
"TRA開始回数","P00204_Store_Transaction_Journal_Posting_ProdEnv_P00204_UR_W10ENO16EN","10,389"
"TRA開始回数","P00220_Bank_Statement_Download_ProdEnv_P00220_UR_W10ENO16EN","8,514"
"TRA開始回数","P00250_03_PrintSalesSum_W10JPO16JP_ProdEnv_P00250_UR_W10JPO16JP","6,765"
"TRA開始回数","P00116_03_InternalOrder_W10JPO16JP_ProdEnv_P00116_AR_W10JPO16JP","6,535"
"TRA開始回数","P00274_SV_Store_Visit_Report_Monitor_ProdEnv_P00274_UR_W10ENO16EN","6,298"
"TRA開始回数","P00280_Time_Attandence_Modification_Assistant_ProdEnv_P00280_UR_W10ENO16EN","6,020"
"TRA開始回数","P00297_Store_Health_Certificate_Expire_Notification","4,332"
"TRA開始回数","P00239_01_Abnormal_Absence_Notification_Weekly__ProdEnv_P00239_UR_W10ENO16EN","3,841"
"TRA開始回数","P00203_bankSlip_Download_ProdEnv_P00203_UR_W10ENO16EN","3,793"
"TRA開始回数","P00145_01_CostManagimentSheetRegister_W10JPO16JP_ProdEnv_P00145_UR_W10JPO16JP","3,564"
"TRA開始回数","P00222_Maternity_leave_setup__Manual__ProdEnv_P00222_UR","3,070"
"TRA開始回数","P00230_01_MV_Analysis_DailyReport_A_ProdEnv_P00230_UR","2,402"
"TRA開始回数","P00230_02_MV_Analysis_DailyReport_B_ProdEnv_P00230_UR","2,370"
"TRA開始回数","P00202_CentrcMaterialRegistration_W10JPO16JP_ProdEnv_P00202_UR_W10JPO16JP","2,163"
"TRA開始回数","P00232_02_ColorSize_Report_Automation_2_ProdEnv_P00232_UR_W10ENO16EN","1,524"
"TRA開始回数","P00091_NoticeNextOrderQty_W10JPO16JP_ProdEnv_P00091_AR_W10JPO16JP","1,472"
"TRA開始回数","P00075_CreateOrderProgressFile_W10JPO16JP_ProdEnv_P00075_AR_W10JPO16JP","1,428"
"TRA開始回数","P00165_02_CreateEndStockList_W10JPO16JP_ProdEnv_P00165_UR_W10JPO16JP","1,395"
"TRA開始回数","P00006_SampleCodeGeneration_Win10JPO16JP_ProdEnv_P00006_UR_W10JPO16JP","1,179"
"TRA開始回数","P00108_CareLabel_W10JPO16JP_ProdEnv_P00108_UR_W10JPO16JP","1,017"
"TRA開始回数","P00058_StoreLoss_W10JPO16JP_ProdEnv_P00058_AR_W10JPO16JP","1,004"
"TRA開始回数","P00019_03_CreateActualSaleWeeklyReport_SKU_W10JPO16JP_ProdEnv_P00019_AR_W10JPO16JP",898
"TRA開始回数","P00207_Maternity_leave_notification_and_setup_ProdEnv_P00207_UR_W10ENO16EN",850
"TRA開始回数","P00282AR_W10JPO16JP_ProdEnv_P00282_AR_W10JPO16JP",841
"TRA開始回数","P00297_Store_Health_Certificate_Expire_Notification_ProdEnv_P00297_UR_W10ENO16EN",774
"TRA開始回数","P00294_EC_Out_of_SKU_Rate_Report_ProdEnv_P00294_UR_W10ENO16EN",667
"TRA開始回数","P00013_GSD_System_Privileges_Customer_Digital_W10JPO16JP_ProdEnv_P00013_AR_W10JPO16JP",641
"TRA開始回数","P00200_01_EC_Report_W10JPO16JP_ProdEnv_P00200_01_UR_W10JPO16JP",630
"TRA開始回数","P00165_01_CreateEndStockList_W10JPO16JP_ProdEnv_P00165_UR_W10JPO16JP",572
"TRA開始回数","P00007_2_SampleMaterialConnection_W10JPO16JP_ProdEnv_P00007_UR_W10JPO16JP",561
"TRA開始回数","P00175_02_01_ICAR_Recharge_W10ENO16EN_ProdEnv_P00175_AR_W10ENO16EN",535
"TRA開始回数","P00283_TW_DL_Sheet_W10JPO16JP_ProdEnv_P00283_UR_W10JPO16JP",525
"TRA開始回数","P00230_A_MV_Analysis_DailyReport_ProdEnv_P00230_UR",498
"TRA開始回数","P00168_02_CreatePLSim_W10JPO16JP_ProdEnv_P00168_UR_W10JPO16JP",489
"TRA開始回数","P00230_B_MV_Analysis_DailyReport_ProdEnv_P00230_UR",486
"TRA開始回数","P00157_CreateSKUShortageRateForm_W10JPO16JP_ProdEnv_P00157_UR_W10JPO16JP",471
"TRA開始回数","P00232_ColorSize_Report_Automation_2_ProdEnv_P00232_UR_W10ENO16EN",462
"TRA開始回数","P00252_DailyReport_ProdEnv_P00252_UR",447
"TRA開始回数","P00112_04_UpdateAuditRecord_W10JPO16JP_ProdEnv_P00112_UR_W10JPO16JP",446
"TRA開始回数","P00180_CreateSKUReport_W10JPO16JP_ProdEnv_P00180_UR_W10JPO16JP",403
"TRA開始回数","P00278_TableauOfficialPlanDL_W10JPO16JP_ProdEnv_P00278_UR_W10JPO16JP",400
"TRA開始回数","P00133_OverseasReserveRatioMonitor_W10JPO16JP_ProdEnv_P00133_UR_W10JPO16JP",391
"TRA開始回数","P00100_03_RemindMail_W10JPO16JP_ProdEnv_P00100_UR_W10JPO16JP",377
"TRA開始回数","P00209_01_OrderExecution_W10JPO16JP_ProdEnv_P00209_UR_W10JPO16JP",364
"TRA開始回数","P00023_01_ComplianceManagement_W10JPO16JP_ProdEnv_P00023_UR_W10JPO16JP",359
"TRA開始回数","P00233_BigData_SPS_Item_Update_ProdEnv_P00233_UR_W10ENO16EN",349
"TRA開始回数","P00100_02_SplitBCA_W10JPO16JP_ProdEnv_P00100_UR_W10JPO16JP",347
"TRA開始回数","P00091_NoticeNextOrderQty_W10JPO16JP",335
"TRA開始回数","P00232_08_ColorSize_Report_Automation_F_ProdEnv_P00232_UR_W10ENO16EN",323
"TRA開始回数","P00232_05_ColorSize_Report_Automation_C_ProdEnv_P00232_UR_W10ENO16EN",318
"TRA開始回数","P00232_03_ColorSize_Report_Automation_A_ProdEnv_P00232_UR_W10ENO16EN",317
"TRA開始回数","P00247_PL_Store_Process",313
"TRA開始回数","P00232_11_ColorSize_Report_Automation_I_ProdEnv_P00232_UR_W10ENO16EN",309
"TRA開始回数","P00017_04_LogisticsKPI_CaluculateKPI_W10JPO16JP_ProdEnv_P00017_UR_W10JPO16JP",301
"TRA開始回数","P00232_06_ColorSize_Report_Automation_D_ProdEnv_P00232_UR_W10ENO16EN",295
"TRA開始回数","P00112_03_MakeAuditRecord_W10JPO16JP_ProdEnv_P00112_UR_W10JPO16JP",294
"TRA開始回数","P00223_Abnormal_attendance_data_analysis___Notification_Weekly__ProdEnv_P00223_UR_W10ENO16EN",292
"TRA開始回数","P00232_04_ColorSize_Report_Automation_B_ProdEnv_P00232_UR_W10ENO16EN",291
"TRA開始回数","P00200_02_EC_Report_W10JPO16JP_ProdEnv_P00200_02_UR_W10JPO16JP",280
"TRA開始回数","P00281_01_GU_WH_Management_ProdEnv_P00281_UR_W10ENO16EN",279
"TRA開始回数","P00232_10_ColorSize_Report_Automation_H_ProdEnv_P00232_UR_W10ENO16EN",273
"TRA開始回数","P00232_12_ColorSize_Report_Automation_J_ProdEnv_P00232_UR_W10ENO16EN",260
"TRA開始回数","P00018_03_FixLogisticActualCost_CreateDetailCost_W10JPO16JP_ProdEnv_P00018_AR_W10JPO16JP",259
"TRA開始回数","P00232_09_ColorSize_Report_Automation_G_ProdEnv_P00232_UR_W10ENO16EN",253
"TRA開始回数","P00232_07_ColorSize_Report_Automation_E_ProdEnv_P00232_UR_W10ENO16EN",248
"TRA開始回数","P00166_FCStore_W10JPO16JP_ProdEnv_P00166_AR_W10JPO16JP",241
"TRA開始回数","P00225_TaxInvoice_W10JPO16JP_ProdEnv_P00225_UR_W10JPO16JP",234
"TRA開始回数","P00253_01_EC_Omni-channel_Sales_Report_ProdEnv_P00253_UR_W10ENO16EN",209
"TRA開始回数","P00276_01_GU_Data_Extraction_SKU_ProdEnv_P00276_01_UR_W10JPO16JP",198
"TRA開始回数","P00159_PLSTCentricMatchingOfficialData_W10JPO16JP_ProdEnv_P00159_UR_W10JPO16JP",196
"TRA開始回数","P00018_02_FixLogisticsActualCost_DownloadSAP_W10JPO16JP_ProdEnv_P00018_AR_W10JPO16JP",192
"TRA開始回数","P00247_PL_Store_Process_ProdEnv_P00247_UR_W10JPO16EN",170
"TRA開始回数","P00253_03_EC_Omni-channel_Sales_Report_ProdEnv_P00253_UR_W10ENO16EN",163
"TRA開始回数","P00099_02_AlteredClothesOutsourcing_W10JPO16JP_ProdEnv_P00099_AR_W10JPO16JP",162
"TRA開始回数","P00144_01_OrderExecution_W10JPO16JP_ProdEnv_P00144_UR_W10JPO16JP",161
"TRA開始回数","P00245_04_Z_System_Automation_ProdEnv_P00245_UR_W10ENO16EN",161
"TRA開始回数","P00038_01_UpdateRequest_DigitalSinage_ProdEnv_P00038_AR_W10JPO16JP",157
"TRA開始回数","P00056_04_EmployeeEvalDataCreation_GU_W10JPO16JP_ProdEnv_P00056_UR_W10JPO16JP",154
"TRA開始回数","P00112_02_MakeRiskDeterminationByStore_W10JPO16JP_ProdEnv_P00112_UR_W10JPO16JP",145
"TRA開始回数","P00250_02_DownloadWeeklyPrintableFormByPlanningSum_W10JPO16JP_ProdEnv_P00250_UR_W10JPO16JP",131
"TRA開始回数","P00056_03_EmployeeEvalDataCreation_ALBVCP_W10JPO16JP_ProdEnv_P00056_UR_W10JPO16JP",130
"TRA開始回数","P00037_Service_Desk_Operation_Email_Email_Group_Add_or_remove_members_ProdEnv_P00037_AR_W10JPO16JP",125
"TRA開始回数","P00268_GUInventorySendMail_W10JPO16JP_ProdEnv_P00268_UR_W10JPO16JP",124
"TRA開始回数","P00021_01_EC-MD_ActualResultReportBySKU_ReceivedOrders_W10JPO16EN_ProdEnv_P00021_AR_W10JPO16EN",123
"TRA開始回数","P00271_GU_PODeadLineReport_W10JPO16JP_ProEnv_P00271_UR_W10JPO16JP",123
"TRA開始回数","P00185_BudgetRegistration_W10ENO16EN_ProdEnv_P00185_AR_W10ENO16EN",122
"TRA開始回数","P00200_03_EC_Report_W10JPO16JP_ProdEnv_P00200_03_UR_W10JPO16JP",122
"TRA開始回数","P00056_03_EmployeeEvalDataCreation_ALBVCP_W10JPO16JP",121
"TRA開始回数","P00136_02_StoreProductStockout_Store_W10JPO16JP_ProdEnv_P00136_AR_W10JPO16JP",119
"TRA開始回数","P00245_04_Z_System_Automation",114
"TRA開始回数","P00112_03_MakeAuditRecord_W10JPO16JP_ProdEnv_P00112_UAT",113
"TRA開始回数","P00242_02_Daily_Sales_Reconciliation_ProdEnv_P00242_02_UR_W10ENO16EN",113
"TRA開始回数","P00245_06_Z_System_Automation",113
"TRA開始回数","P00230_01_MV_Analysis_DailyReport_A",111
"TRA開始回数","P00017_02_LogisticsKPI_IMS_W10JPO16JP_ProdEnv_P00017_UR_W10JPO16JP",110
"TRA開始回数","P00118_01_CreateFolderPending_W10JPO16JP_ProdEnv_P00118_UR_W10JPO16JP",108
"TRA開始回数","P00012_1_DV_SapCashVerification_W10JPO16PJP_ProdEnv_P00012_AR_W10JPO16JP",106
"TRA開始回数","P00109_01_AnswerLabPost_W10JPO16JP_ProdEnv_P00109_AR_W10JPO16JP",103
"TRA開始回数","P00242_01_Daily_Sales_Reconciliation_ProdEnv_P00242_UR_W10ENO16EN",100
"TRA開始回数","P00093_05_FixLogisticsActualCost2_Estimate_W10JPO16JP_ProdEnv_P00093_AR_W10JPO16JP",99
"TRA開始回数","P00245_07_Z_System_Automation_ProdEnv_P00245_UR_W10ENO16EN",99
"TRA開始回数","P00017_01_LogisticsKPI_DownloadQuery_W10JPO16JP_ProdEnv_P00017_UR_W10JPO16JP",97
"TRA開始回数","P00017_02_LogisticsKPI_IMS_W10JPO16JP_ProdEnv_P00017_AR_W10JPO16JP",96
"TRA開始回数","P00093_01_FixLogisticsActualCost2_DownloadQuery_W10JPO16JP_ProdEnv_P00093_UR_W10JPO16JP",94
"TRA開始回数","P00084_BudgetActualAnalysis_WIN10ENO16EN_P00084_BudgetActualAnalysis_WIN10ENO16EN",92
"TRA開始回数","P00197_MonthlySalesTopReport_W10JPO16JP_ProdEnv_P00197_UR_W10JPO16JP",92
"TRA開始回数","P00099_01_AlteredClothesShippingPlanning_W10JPO16JP_ProdEnv_P00099_UR_W10JPO16JP",91
"TRA開始回数","P00230_A_MV_Analysis_DailyReport",91
"TRA開始回数","P00195_SalesPlanConfirmMeetingReport_W10JPO16JP_ProdEnv_P00195_UR_W10JPO16JP",90
"TRA開始回数","P00196_WeeklySalesTopReport_W10JPO16JP_ProdEnv_P00196_UR_W10JPO16JP",90
"TRA開始回数","P00230_02_MV_Analysis_DailyReport_B",90
"TRA開始回数","P00277_02_GU_AutoUpgrade_W10JPO16JP_ProdEnv_P00277_02_UR_W10JPO16JP",90
"TRA開始回数","P00017_03_LogisticsKPI_DC_W10JPO16JP_ProdEnv_P00017_UR_W10JPO16JP",89
"TRA開始回数","P00277_01_GU_AutoUpgrade_W10JPO16JP_ProdEnv_P00277_01_UR_W10JPO16JP",88
"TRA開始回数","P00093_02_FixLogisticsActualCost2_DownloadReport_W10JPO16JP_ProdEnv_P00093_UR_W10JPO16JP",86
"TRA開始回数","P00112_04_UpdateAuditRecord_W10JPO16JP_ProdEnv_P00112_UAT",85
"TRA開始回数","P00245_09_Z_System_Automation_ProdEnv_P00245_UR_W10ENO16EN",84
"TRA開始回数","P00027_01_SendIndustrialPhysiciansReportFormat_W10JPO16JP_ProdEnv_P00027_AR_W10JPO16JP",82
"TRA開始回数","P00112_01_MakeBaseData_W10JPO16JP_ProdEnv_P00112_UR_W10JPO16JP",82
"TRA開始回数","P00285_RPA_CO_SKU_History_ProdEnv_P00285_UR_W10ENO16EN",80
"TRA開始回数","P00002_01_QueryTool_Download_W10JPO16JP_ProdEnv_P00002_UR_W10JPO16JP",79
"TRA開始回数","P00002_02_JmupsQuery_ConfirmCreditCardSales_W10JPO16JP_ProdEnv_P00002_UR_W10JPO16JP",79
"TRA開始回数","P00232_03_ColorSize_Report_Automation_A",79
"TRA開始回数","P00245_06_Z_System_Automation_ProdEnv_P00245_UR_W10ENO16EN",77
"TRA開始回数","P00255_RPA_TSF_ProdEnv_P00255_UR_W10ENO16EN",77
"TRA開始回数","P00286_RPA_Item_History_ProdEnv_P00286_UR_W10ENO16EN",77
"TRA開始回数","P00302_02_AnomalyDetectionSummarizeExcel_W10JPO16JP_ProdEnv_P00302_UR_W10JPO16JP",77
"TRA開始回数","P00192_WeekendBusinessReport_W10ENO16EN_ProdEnv_P00192_UR_W10ENO10EN",75
"TRA開始回数","P00237_ADC_DC_Inventory_Report_Download_ProdEnv_P00237_UR_W10ENO16EN",75
"TRA開始回数","P00254_01_RPA_Assort_Master_ProdEnv_P00254_UR_W10ENO16EN",73
"TRA開始回数","P00254_02_RPA_ArrivalTo_Warehouse_Plan_ProdEnv_P00254_UR_W10ENO16EN",73
"TRA開始回数","P00002_04_QRC_ConfirmCreditCardSales_W10JPO16JP_ProdEnv_P00002_UR_W10JPO16JP",70
"TRA開始回数","P00002_07_OutputIntegration_ConfirmCreditCardSales_W10JPO16JP_ProdEnv_P00002_UR_W10JPO16JP",68
"TRA開始回数","P00232_02_ProdEnv_P00232_UR_W10ENO16EN",66
"TRA開始回数","P00100_01_HYSDownload_W10JPO16JP_ProdEnv_P00100_UR_W10JPO16JP",65
"TRA開始回数","P00105_02_SendNG_W10JPO16JP_ProdEnv_P00105_UR_W10JPO16JP",63
"TRA開始回数","P00072_CustomersSoldNumberAnalysis_W10JPO16JP_ProdEnv_P00072_UR_W10JPO16JP",62
"TRA開始回数","P00112_02_MakeRiskDeterminationByStore_W10JPO16JP_ProdEnv_P00112_UAT",62
"TRA開始回数","P00168_01_SelectQueryTool_W10JPO16JP_ProdEnv_P00168_UR_W10JPO16JP",62
"TRA開始回数","P00130_01_CreateLessAmountStockRunOut_W10JPO16JP_ProdEnv_P00130_UR_W10JPO16JP",60
"TRA開始回数","P00162_01_ContractRenewalOfFixedTermEmployees_W10JPO16JP_ProdEnv_P00162_AR_W10JPO16JP",60
"TRA開始回数","P00232_01_ColorSize_Report_Automation_1_ProdEnv_P00232_UR_W10ENO16EN",60
"TRA開始回数","P00244_Custommade_SalesPerformance_Management_W10JPO16JP_ProdEnv_P00244_UR_W10JPO16JP",60
"TRA開始回数","P00149_CheckFlyerInformation_W10JPO16JP_ProdEnv_P00149_AR_W10JPO16JP",58
"TRA開始回数","P00290_01_WithholdingTaxReport_ProdEnv_P00290_AR_W10ENO16EN",58
"TRA開始回数","P00093_03_FixLogisticsActualCost2_BudgetvsActual_W10JPO16JP_ProdEnv_P00093_AR_W10JPO16JP",57
"TRA開始回数","P00253_02_EC_Omni-channel_Sales_Report_ProdEnv_P00253_UR_W10ENO16EN",57
"TRA開始回数","P00230_03_MV_Analysis_DailyReport_VBA_ProdEnv_P00230_UR",56
"TRA開始回数","P00208_Abnormal_attendance_data_analysis___Notification_Monthly__ProdEnv_P00208_UR_W10ENO16EN",55
"TRA開始回数","P00048_01_MonitorringData_Making_W10JPO16JP_ProdEnv_P00048_UR_W10JPO16JP",53
"TRA開始回数","P00245_03_Z_System_Automation_ProdEnv_P00245_UR_W10ENO16EN",52
"TRA開始回数","P00276_10_GU_Data_Extraction_ARKOfficialPlan_ProdEnv_P00276_10_UR_W10JPO16JP",52
"TRA開始回数","P00138_SalesPlanReport_W10JPO16JP_ProdEnv_P00138_UR_W10JPO16JP",49
"TRA開始回数","P00230_B_MV_Analysis_DailyReport",49
"TRA開始回数","P00002_06_CPay_ConfirmCreditCardSales_W10JPO16JP_ProdEnv_P00002_UR_W10JPO16JP",48
"TRA開始回数","P00175_01_ICAR_Categorization_W10ENO16EN_ProdEnv_P00175_AR_W10ENO16EN",48
"TRA開始回数","P00002_05_SUNMI_ConfirmCreditCardSales_W10JPO16JP_ProdEnv_P00002_UR_W10JPO16JP",46
"TRA開始回数","P00014_03_CheckFlyerMainProcess_W10JPO16JP_ProdEnv_P00014_AR_W10JPO16JP",46
"TRA開始回数","P00029_02_DeliScheSummary_WIN10JPO16JP_ProdEnv_P00029_AR_W10JPO16JP",46
"TRA開始回数","P00162_02_ContractRenewalOfFixedTermEmployees_W10JPO16JP_ProdEnv_P00162_AR_W10JPO16JP",46
"TRA開始回数","P00245_02_Z_System_Automation_ProdEnv_P00245_UR_W10ENO16EN",46
"TRA開始回数","P00239_01_Abnormal_Absence_Notification(Weekly)",45
"TRA開始回数","P00152_04_LogisticsTrackingKPI_CalculateKPIFromQuery_W10JPO16JP_ProdEnv_P00152_UR_W10JPO16JP",44
"TRA開始回数","P00228_01_SPSSetting_Dispatcher_ProdEnv_P00228_UR_W10ENO10EN",44
"TRA開始回数","P00245_08_Z_System_Automation_ProdEnv_P00245_UR_W10ENO16EN",44
"TRA開始回数","P00112_01_MakeBaseData_W10JPO16JP_ProdEnv_P00112_UAT",43
"TRA開始回数","P00151_SC_Order_W10JPO16JP_ProdEnv_P00151_AR_W10JPO16JP",43
"TRA開始回数","P00056_04_EmployeeEvalDataCreation_GU_W10JPO16JP",42
"TRA開始回数","P00245_01_Z_System_Automation_ProdEnv_P00245_UR_W10ENO16EN",42
"TRA開始回数","P00027_02_ReceiveIndustrialPhysiciansReport_W10JPO16JP_ProdEnv_P00027_AR_W10JPO16JP",41
"TRA開始回数","P00239_02_Abnormal_Absence_Notification(Monthly)",41
"TRA開始回数","P00095_AlertContractRenewalDate_EcLogistics_W10JPO16JP_ProdEnv_P00095_UR_W10JPO16JP",40
"TRA開始回数","P00101_01_OutputWarehouseWorkReport_W10JPO16JP_ProdEnv_P00101_AR_W10JPO16JP",40
"TRA開始回数","P00014_04_CheckFlyerFinalProduct_W10JPO16JP_ProdEnv_P00014_AR_W10JPO16JP",39
"TRA開始回数","P00020_EC-MD_ActualOrderReport_W10JPO16JP_ProdEnv_P00020_AR_W10JPO16JP",39
"TRA開始回数","P00245_05_Z_System_Automation_ProdEnv_P00245_UR_W10ENO16EN",39
"TRA開始回数","P00276_12_GU_Data_Extraction_DLSheet_ProdEnv_P00276_12_UR_W10JPO16JP",39
"TRA開始回数","P00148_06_CreateItemHandbook_W10JPO16JP_ProdEnv_P00148_UR_W10JPO16JP",37
"TRA開始回数","P00155_SummaryAgainstPreviousWeek_W10JPO16JP_ProdEnv_P00155_UR_W10JPO16JP",35
"TRA開始回数","P00128_01_UTme_AggregateLicense_W10JPO16JP_ProdEnv_P00128_AR_W10JPO16JP",34
"TRA開始回数","P00294_EC_Out_of_SKU_Rate_Report",34
"TRA開始回数","P00147_ItemTransfer_W10JPO16JP_ProdEnv_P00147_AR_W10JPO16JP",33
"TRA開始回数","P00172_OutputInventoryForecast_ProdEnv_P00172_UR_W10JPO16JP",33
"TRA開始回数","P00238_01_Annual_Leave_Expiration_Notification_ProdEnv_P00238_UR_W10ENO16EN",33
"TRA開始回数","P00276_03_GU_Data_Extraction_OfficialPlan_ProdEnv_P00276_03_UR_W10JPO16JP",33
"TRA開始回数","P00276_11_GU_Data_Extraction_PreActualReg_ProdEnv_P00276_11_UR_W10JPO16JP",33
"TRA開始回数","P00318_Product_Dimension_Traffic_Data",33
"TRA開始回数","P00018_03_FixLogisticActualCost_CreateDetailCost_W10JPO16JP_ProdEnv_P00018_UR_W10JPO16JP",32
"TRA開始回数","P00020_EC-MD_ActualOrderReport_W10JPO16JP_ProdEnv_P00020_UR_W10JPO16JP",32
"TRA開始回数","P00257_02_RPA_fr_AG_weekly_plan_ProdEnv_P00257_UR_W10ENO16EN",32
"TRA開始回数","P00284_GU_Global_SKUReport_ProdEnv_P00284_UR_W10JPO16JP",32
"TRA開始回数","P00011_02_PaymentNotice_W10JPO16JP_ProdEnv_P00011_AR_W10JPO16JP",31
"TRA開始回数","P00257_01_RPA_fr_AS_weekly_plan_ProdEnv_P00257_UR_W10ENO16EN",31
"TRA開始回数","P00226_01_Income_Inventory_Analysis_WeeklyReport_A_ProdEnv_P00226_UR",30
"TRA開始回数","P00226_02_Income_Inventory_Analysis_WeeklyReport_B_ProdEnv_P00226_UR",30
"TRA開始回数","P00270_NewProductSalesResult_ProdEnv_P00270_UR_W10JPO16JP",30
"TRA開始回数","P00013_GSD_System_Privileges_Customer_Digital_ProdEnv_P00013_AR_W10JPO16JP",29
"TRA開始回数","P00128_02_UTme_CreateLicenseReport_W10JPO16JP_ProdEnv_P00128_AR_W10JPO16JP",29
"TRA開始回数","P00141_OutputOfUnifiedManagementForm_W10JPO16JP_ProdEnv_P00141_UR_W10JPO16JP",29
"TRA開始回数","P00227_01_OutputMonthlySCMForecast_W10JPO16JP_ProdEnv_P00227_UR_W10JPO16JP",29
"TRA開始回数","P00069_01_CreateGlobalMDReport_W10JPO16JP_ProdEnv_P00069_UR_W10JPO16JP",27
"TRA開始回数","P00245_05_Z_System_Automation",27
"TRA開始回数","P00057_GJUpload_SAP_W10JPO16JP_ProdEnv_P00057_AR_W10JPO16JP",26
"TRA開始回数","P00177_02_GlobalHBKKvsMDPlanReport_W10JPO16JP_ProdEnv_P00177_UR_W10JPO16JP",26
"TRA開始回数","P00229_01_OOS_Report_ProdEnv_P00229_UR_W10ENO16EN",26
"TRA開始回数","P00245_07_Z_System_Automation",26
"TRA開始回数","P00245_09_Z_System_Automation",26
"TRA開始回数","P00131_02_SendMailToFlyerSupplier_ProdEnv_P00131_AR_W10JPO16JP",25
"TRA開始回数","P00176_ForcastByBizByDeptReport_W10JPO16JP_ProdEnv_P00176_UR_W10JPO16JP",25
"TRA開始回数","P00177_01_GlobalSeasonReport_W10JPO16JP_ProdEnv_P00177_UR_W10JPO16JP",23
"TRA開始回数","P00207_Maternity_leave_notification_and_setup",22
"TRA開始回数","P00319_Store_Traffic_Source_Data",22
"TRA開始回数","P00011_01_PaymentNotice_W10JPO16JP_ProdEnv_P00011_AR_W10JPO16JP",21
"TRA開始回数","P00232_ColorSize_Report_Automation_1_ProdEnv_P00232_UR_W10ENO16EN",21
"TRA開始回数","P00258_02_RPA_MD_Pln_Sum_Weekly_Plan_ProdEnv_P00258_UR_W10ENO16EN",21
"TRA開始回数","P00226_03_Income_Inventory_Analysis_WeeklyReport_VBA_ProdEnv_P00226_UR",20
"TRA開始回数","P00276_09_GU_Data_Extraction_MDReport_ProdEnv_P00276_09_UR_W10JPO16JP",20
"TRA開始回数","P00052_AxAllocationUpload_W10JPO16JP_ProdEnv_P00052_AR_W10JPO16JP",19
"TRA開始回数","P00259_01_RPA_Inv_Weekly_Plan_ByAll_ProdEnv_P00259_UR_W10ENO16EN",19
"TRA開始回数","P00232_ColorSize_Report_Automation_C_ProdEnv_P00232_UR_W10ENO16EN",18
"TRA開始回数","P00025_02_MedicalCheckupReport_W10JPO16JP_ProdEnv_P00025_UR_W10JPO16JP",17
"TRA開始回数","P00232_ColorSize_Report_Automation_I_ProdEnv_P00232_UR_W10ENO16EN",17
"TRA開始回数","P00258_01_RPA_MD_Sls_Sum_Weekly_Plan_ProdEnv_P00258_UR_W10ENO16EN",17
"TRA開始回数","P00017_04_LogisticsKPI_CaluculateKPI_W10JPO16JP_ProdEnv_P00017_AR_W10JPO16JP",16
"TRA開始回数","P00259_02_RPA_Inv_Weekly_Plan_ByGDept_ProdEnv_P00259_UR_W10ENO16EN",16
"TRA開始回数","P00017_01_LogisticsKPI_DownloadQuery_W10JPO16JP_ProdEnv_P00017_AR_W10JPO16JP",15
"TRA開始回数","P00062_01_WeeklyAmountReport_W10JPO16JP_ProdEnv_P00062_AR_W10JPO16JP",15
"TRA開始回数","P00165_01_CreateEndStockList_W10JPO16JP",15
"TRA開始回数","P00320_Overall_Store_Data",15
"TRA開始回数","P00080_GlobalSalesTop_W10JPO16JP_ProdEnv_P00080_AR_W10JPO16JP",14
"TRA開始回数","P00253_03_EC_Omni-channel_Sales_Report",14
"TRA開始回数","P00276_04_GU_Data_Extraction_MonthlyResult_ProdEnv_P00276_04_UR_W10JPO16JP",14
"TRA開始回数","P00276_06_GU_Data_Extraction_ProductionPlan_ProdEnv_P00276_06_UR_W10JPO16JP",14
"TRA開始回数","P00276_07_GU_Data_Extraction_SeasonalBudget_ProdEnv_P00276_07_UR_W10JPO16JP",14
"TRA開始回数","P00017_05_LogisticsKPI_DownloadWMS_W10JPO16JP_ProdEnv_P00017_UR_W10JPO16JP",13
"TRA開始回数","P00153_01_DeliveryKPI_DownloadQuery_W10JPO16JP_ProdEnv_P00153_UR_W10JPO16JP",13
"TRA開始回数","P00276_02_GU_Data_Extraction_WeeklySlsTop_ProdEnv_P00276_02_UR_W10JPO16JP",13
"TRA開始回数","P00276_05_GU_Data_Extraction_DeptActualBySsn_ProdEnv_P00276_05_UR_W10JPO16JP",13
"TRA開始回数","P00276_08_GU_Data_Extraction_FiscalYrByDept_ProdEnv_P00276_08_UR_W10JPO16JP",13
"TRA開始回数","P00154_SellingPriceChangeDirectionsNotice_ProdEnv_P00154_AR_W10JPO16JP",12
"TRA開始回数","P00245_01_Z_System_Automation",12
"TRA開始回数","P00245_11_Z_System_Automation",12
"TRA開始回数","P00246_AMEX_Reconciliation_ProdEnv_P00246_UR_W10ENO16EN",12
"TRA開始回数","P00246_AMEX_Reconciliation",11
"TRA開始回数","P00027_03_CreateInvoice_W10JPO16JP_ProdEnv_P00027_AR_W10JPO16JP",10
"TRA開始回数","P00153_01_DeliveryKPI_DownloadQuery_W10JPO16JP_ProdEnv_P00153_AR_W10JPO16JP",10
"TRA開始回数","P00198_FutureSumUpSingle_W10JPO16JP_ProdEnv_P00198_AR_W10JPO16JP",10
"TRA開始回数","P00256_RPA_Daily_Inventory_ProdEnv_P00256_UR_W10ENO16EN",10
"TRA開始回数","P00260_RPA_EC_Weekly_Plan_ProdEnv_P00260_UR_W10ENO16EN",10
"TRA開始回数","P00015_1_SumUp200NextWeek_W10JPO16JP_ProdEnv_P00015_AR_W10JPO16JP",9
"TRA開始回数","P00015_4_SumByTheDayThisWeek_W10JPO16JP_ProdEnv_P00015_AR_W10JPO16JP",9
"TRA開始回数","P00021_01_EC-MD_ActualResultReportBySKU_ReceivedOrders_W10JPO16EN",9
"TRA開始回数","P00226_B_Income_Inventory_Analysis_WeeklyReport_ProdEnv_P00226_UR",9
"TRA開始回数","P00232_ColorSize_Report_Automation_F_ProdEnv_P00232_UR_W10ENO16EN",9
"TRA開始回数","P00232_ColorSize_Report_Automation_G_ProdEnv_P00232_UR_W10ENO16EN",9
"TRA開始回数","P00232_ColorSize_Report_Automation_J_ProdEnv_P00232_UR_W10ENO16EN",9
"TRA開始回数","P00245_03_Z_System_Automation",9
"TRA開始回数","P00015_2_SumUp200ThisWeek_W10JPO16JP_ProdEnv_P00015_AR_W10JPO16JP",8
"TRA開始回数","P00018_01_FixLogisticsActualCost_DownloadQuery_W10JPO16JP_ProdEnv_P00018_AR_W10JPO16JP",8
"TRA開始回数","P00118_02_CreateContractDraft_W10JPO16JP_ProdEnv_P00118_UR_W10JPO10JP",8
"TRA開始回数","P00232_ColorSize_Report_Automation_B_ProdEnv_P00232_UR_W10ENO16EN",8
"TRA開始回数","P00232_ColorSize_Report_Automation_D_ProdEnv_P00232_UR_W10ENO16EN",8
"TRA開始回数","P00232_ColorSize_Report_Automation_E_ProdEnv_P00232_UR_W10ENO16EN",8
"TRA開始回数","P00013_GSD_System Privileges_Customer Digital_W10JPO16JP",7
"TRA開始回数","P00017_05_LogisticsKPI_DownloadWMS_W10JPO16JP_ProdEnv_P00017_AR_W10JPO16JP",7
"TRA開始回数","P00232_ColorSize_Report_Automation_H_ProdEnv_P00232_UR_W10ENO16EN",7
"TRA開始回数","P00245_08_Z_System_Automation",7
"TRA開始回数","P00015_3_SumByTheDayNextWeek_W10JPO16JP_ProdEnv_P00015_AR_W10JPO16JP",6
"TRA開始回数","P00016_SalesInterface_W10JPO16JP_ProdEnv_P00016_AR_W10JPO16JP",6
"TRA開始回数","P00037_Service_Desk_Operation_Email_Email_Group_Add_or_remove_members",6
"TRA開始回数","P00199_FutureSumUpAll_W10JPO16JP_ProdEnv_P00199_AR_W10JPO16JP",6
"TRA開始回数","P00232_ColorSize_Report_Automation_A_ProdEnv_P00232_UR_W10ENO16EN",6
"TRA開始回数","P00244_Custommade_SalesPerformance_Management_W10JPO16JP",6
"TRA開始回数","P00025_01_EnrolledListCreation_W10JPO16JP_ProdEnv_P00025_UR_W10JPO16JP",5
"TRA開始回数","P00097_NttComWithdrawTransferAxUpload_W10JPO16JP_ProdEnv_P00097_AR_W10JPO16JP",5
"TRA開始回数","P00165_02_CreateEndStockList_W10JPO16JP",5
"TRA開始回数","P00232_03_ProdEnv_P00232_UR_W10ENO16EN",5
"TRA開始回数","P00232_04_ProdEnv_P00232_UR_W10ENO16EN",5
"TRA開始回数","P00232_05_ProdEnv_P00232_UR_W10ENO16EN",5
"TRA開始回数","P00232_08_ProdEnv_P00232_UR_W10ENO16EN",5
"TRA開始回数","P00262_RPA_Finance_Daily_Target_Bystore",5
"TRA開始回数","P00264_RPA_fct_store_monthly_plan_ProdEnv_P00264_UR_W10ENO16EN",5
"TRA開始回数","P00266_RPA_MD_Official_Plan",5
"TRA開始回数","P00015_1_SumUp200NextWeek_W10JPO16JP",4
"TRA開始回数","P00086_HmUnpaidRentAxUpload_W10JPO16JP_ProdEnv_P00086_AR_W10JPO16JP",4
"TRA開始回数","P00092_01_SendRemindMailForStockOption_W10JPO16JP_ProdEnv_P00092_UR_W10JPO16JP",4
"TRA開始回数","P00098_NttEWWithdrawTransferAxUpload_W10JPO16JP_ProdEnv_P00098_AR_W10JPO16JP",4
"TRA開始回数","P00155_SummaryAgainstPreviousWeek_W10JPO16JP",4
"TRA開始回数","P00261_RPA_EC_Promotion_Plan_ProdEnv_P00261_UR_W10ENO16EN",4
"TRA開始回数","P00262_RPA_Finance_Daily_Target_Bystore_ProdEnv_P00262_UR_W10ENO16EN",4
"TRA開始回数","P00271_GU_PODeadLineReport_W10JPO16JP",4
"TRA開始回数","P00285_RPA_CO_SKU_History",4
"TRA開始回数","P00003_01_VerifyDepositMachine_GU_W10JPO16JP_ProdEnv_P00003_AR_W10JPO16JP",3
"TRA開始回数","P00088_UnpaidRentAxUpload_W10JPO16JP_ProdEnv_P00088_AR_W10JPO16JP",3
"TRA開始回数","P00092_02_CheckReadReceiptMailForStockOption_W10JPO16JP_ProdEnv_P00092_UR_W10JPO16JP",3
"TRA開始回数","P00094_CMSTransactionAxUpload_W10JPO16JP_ProdEnv_P00094_AR_W10JPO16JP",3
"TRA開始回数","P00136_01_StoreProductStockout_HQ_W10JPO16JP_ProdEnv_P00136_AR_W10JPO16JP",3
"TRA開始回数","P00230_03_MV_Analysis_DailyReport_VBA",3
"TRA開始回数","P00232_01_ProdEnv_P00232_UR_W10ENO16EN",3
"TRA開始回数","P00245_02_Z_System_Automation",3
"TRA開始回数","P00246_AMEX_Reconciliation_ProdEnv_P00246_UR_W10JPO16EN",3
"TRA開始回数","P00250_02_DownloadWeeklyPrintableFormByPlanningSum_W10JPO16JP",3
"TRA開始回数","P00306_01_GU_CostFix_Monitoring_Thu_ProdEnv_P00306_01_UR_W10JPO16JP",3
"TRA開始回数","P00306_02_GU_CostFix_Monitoring_Mon_ProdEnv_P00306_02_UR_W10JPO16JP",3
"TRA開始回数","P00306_03_GU_CostFix_Monitoring_Tue_ProdEnv_P00306_03_UR_W10JPO16JP",3
"TRA開始回数","P00083_MonthlyReview_W10JPO16JP_ProdEnv_P00083_AR_W10JPO16JP",2
"TRA開始回数","P00155_SummaryAgainstPreviousWeek_W10JPO16JP_ProdEnv_P00155_AR_W10JPO16JP",2
"TRA開始回数","P00193_EncodeBillingsInOracleAP_W10ENO16EN_ProdEnv_P00193_AR_W10ENO10EN",2
"TRA開始回数","P00206_Financial_Statement_Generation_ProdEnv_P00206_UR_W10ENO16EN",2
"TRA開始回数","P00232_06_ProdEnv_P00232_UR_W10ENO16EN",2
"TRA開始回数","P00232_07_ProdEnv_P00232_UR_W10ENO16EN",2
"TRA開始回数","P00232_09_ProdEnv_P00232_UR_W10ENO16EN",2
"TRA開始回数","P00232_10_ProdEnv_P00232_UR_W10ENO16EN",2
"TRA開始回数","P00232_11_ProdEnv_P00232_UR_W10ENO16EN",2
"TRA開始回数","P00237_ADC_DC_Inventory_Report_Download",2
"TRA開始回数","P00238_01_Annual_Leave_Expiration_Notification",2
"TRA開始回数","P00252_DailyReport",2
"TRA開始回数","P00254_02_RPA_ArrivalTo_Warehouse_Plan",2
"TRA開始回数","P00255_RPA_TSF",2
"TRA開始回数","P00258_02_RPA_MD_Pln_Sum_Weekly_Plan",2
"TRA開始回数","P00263_RPA_MD_Monthly_Forcast_ProdEnv_P00263_UR_W10ENO16EN",2
"TRA開始回数","P00265_RPA_Finance_Season_Plan_ByGDept",2
"TRA開始回数","P00002_02_JmupsQuery_ConfirmCreditCardSales_W10JPO16JP",1
"TRA開始回数","P00002_07_OutputIntegration_ConfirmCreditCardSales_W10JPO16JP",1
"TRA開始回数","P00062_01_WeeklyAmountReport_W10JPO16JP",1
"TRA開始回数","P00064_01_MakePaymentList_W10JPO16JP_ProdEnv_P00064_AR_W10JPO16JP",1
"TRA開始回数","P00069_01_CreateGlobalMDReport_W10JPO16JP",1
"TRA開始回数","P00084_BudgetActualAnalysis_WIN10ENO16EN",1
"TRA開始回数","P00099_02_AlteredClothesOutsourcing_W10JPO16JP",1
"TRA開始回数","P00100_03_RemindMail_W10JPO16JP",1
"TRA開始回数","P00148_06_CreateItemHandbook_W10JPO16JP",1
"TRA開始回数","P00168_02_CreatePLSim_W10JPO16JP",1
"TRA開始回数","P00172_OutputInventoryForecast",1
"TRA開始回数","P00193_EncodeBillingsInOracleAP_W10ENO16EN",1
"TRA開始回数","P00239_02_Abnormal_Absence_Notification_Monthly__ProdEnv_P00239_UR_W10ENO16EN",1
"TRA開始回数","P00254_01_RPA_Assort_Master",1
"TRA開始回数","P00260_RPA_EC_Weekly_Plan",1
"TRA開始回数","P00265_RPA_Finance_Season_Plan_ByGDept_ProdEnv_P00265_UR_W10ENO16EN",1
"TRA開始回数","P00266_RPA_MD_Official_Plan_ProdEnv_P00266_UR_W10ENO16EN",1
"TRA開始回数","P00273_DC-EC_Daytime_Replenishment",1
"TRA開始回数","P00276_13_GU_Data_Extraction_DeliveryDataList_ProdEnv_P00276_13_UR_W10JPO16JP",1
"TRA開始回数","P00293_GU_PODeadLineReport",1
"TRA開始回数","P00333_GU_Cost_Seq_List_ProdEnv_P00333_UR_W10JPO16JP",1
